Workbook

Sheet Sheet1
A1: Var | B1: Description | C1: Formula | D1: Canonical_SMILES | E1: InChI | F1: MW | G1: Phase | H1: Version_Info | I1: MechanismTracer_ID | J1: MCM_Name | K1: RCIM_Name | L1: RCIM_Mini | M1: MCM_Formula_Match
A2: A3O2 | B2: Primary peroxy radical from C3H8 | C2: CH3CH2CH2OO | D2: CCCO[O] | E2: InChI=1S/C3H7O2/c1-2-3-5-4/h2-3H2,1H3 | F2: 75.1 | G2: Gas | J2: NC3H7O2
A3: ACET | B3: Acetone | C3: CH3C(O)CH3 | D3: CC(C)=O | E3: InChI=1S/C3H6O/c1-3(2)4/h1-2H3 | F3: 58.09 | G3: Gas | J3: CH3COCH3
A4: ACTA | B4: Acetic acid | C4: CH3C(O)OH | D4: CC(=O)O | E4: InChI=1S/C2H4O2/c1-2(3)4/h1H3,(H,3,4) | F4: 60.06 | G4: Gas | J4: CH3CO2H
A5: AERI | B5: Iodine on aerosol | C5: I | D5: None | F5: 126.9 | G5: Aerosol | J5: None
A6: ALD2 | B6: Acetaldehyde | C6: CH3CHO | D6: CC=O | E6: InChI=1S/C2H4O/c1-2-3/h2H,1H3 | F6: 44.06 | G6: Gas | J6: CH3CHO
A7: ALK4 | B7: Lumped >= C4 Alkanes | D7: CCCC | E7: InChI=1S/C4H10/c1-3-4-2/h3-4H2,1-2H3 | F7: 58.12 | G7: Gas | J7: NC4H10
A8: AONITA | B8: Aerosol-phase organonitrates from aromatics | C8: C6H6O6N | D8: None | F8: 189.12 | G8: Aerosol | J8: None
A9: AROMP4 | B9: Generic C4 product of aromatics | C9: C4H4O2 | D9: None | E9: InChI=1S/C4H4O2/c1-2-4(6)3-5/h2-3H,1H2;InChI=1S/C4H4O2/c5-3-1-2-4-6/h1-4H | F9: 68.08 | G9: Gas | J9: MALDIAL;VGLYOX | M9: BZFUONE;MALDIAL;VGLYOX
A10: AROMP5 | B10: C5 unsaturated dicarbonyl | C10: C5H6O2 | D10: None | E10: InChI=1S/C5H6O2/c1-5(4-7)2-3-6/h2-4H,1H3;InChI=1S/C5H6O2/c1-5(7)3-2-4-6/h2-4H,1H3 | F10: 98.1 | G10: Gas | J10: C4MDIAL;C5DICARB | M10: C4MDIAL;C5DICARB;PXYFUONE;TLFUONE
A11: AROMRO2 | B11: hydroxy-peroxy radical from aromatics | C11: C6H7O3 | D11: None | F11: 127 | G11: Gas | M11: C4MCODBCO2;C615CO2O;C619O;C6DCARBBO;CY6DIONO;CYC6DIONO;MC4CODBCO2
A12: ASOA1 | B12: Lumped non-volatile aerosol products of light aromatics + IVOCs | D12: None | F12: 150 | G12: Aerosol | J12: None
A13: ASOA2 | B13: Lumped non-volatile aerosol products of light aromatics + IVOCs | D13: None | F13: 150 | G13: Aerosol | J13: None
A14: ASOA3 | B14: Lumped non-volatile aerosol products of light aromatics + IVOCs | D14: None | F14: 150 | G14: Aerosol | J14: None
A15: ASOAN | B15: Lumped non-volatile aerosol products of light aromatics + IVOCs | D15: None | F15: 150 | G15: Aerosol | J15: None
A16: ASOG1 | B16: Lumped non-volatile gas products of light aromatics + IVOCs | D16: None | F16: 150 | G16: Gas | J16: None
A17: ASOG2 | B17: Lumped non-volatile gas products of light aromatics + IVOCs | D17: None | F17: 150 | G17: Gas | J17: None
A18: ASOG3 | B18: Lumped non-volatile gas products of light aromatics + IVOCs | D18: None | F18: 150 | G18: Gas | J18: None
A19: ATO2 | B19: Peroxy radical from acetone | C19: CH3C(O)CH2O2 | D19: CC(=O)CO[O] | E19: InChI=1S/C3H5O3/c1-3(4)2-6-5/h2H2,1H3 | F19: 89.08 | G19: Gas | J19: CH3COCH2O2
A20: ATOOH | B20: ATO2 Peroxide / Hydroperoxyacetone;ATO2 peroxide | C20: C3H6O3;CH3C(O)CH2OOH | D20: CC(=O)COO | E20: InChI=1S/C3H6O3/c1-3(4)2-6-5/h5H,2H2,1H3 | F20: 90.09 | G20: Gas | J20: HYPERACET | K20: HPAC | L20: HPAC
A21: AlF1 | C21: Al | D21: None | F21: 26.98 | G21: Aerosol | J21: None
A22: AlF2 | C22: Al | D22: None | F22: 26.98 | G22: Aerosol | J22: None
A23: AsF1 | C23: As | D23: None | F23: 74.92 | G23: Aerosol | J23: None
A24: AsF2 | C24: As | D24: None | F24: 74.92 | G24: Aerosol | J24: None
A25: B3O2 | B25: B3O2 | C25: CH3CH(OO)CH3 | D25: CC(C)O[O] | E25: InChI=1S/C3H7O2/c1-3(2)5-4/h3H,1-2H3 | F25: 75.1 | G25: Gas | J25: IC3H7O2
A26: BALD | B26: Benzaldehyde | C26: C7H6O | D26: O=Cc1ccccc1 | E26: InChI=1S/C7H6O/c8-6-7-4-2-1-3-5-7/h1-6H | F26: 106.12 | G26: Gas | J26: BENZAL | M26: BENZAL
A27: BCPI | B27: Hydrophilic black carbon aerosol | C27: C | D27: None | F27: 12.01 | G27: Aerosol | J27: None
A28: BCPO | B28: Hydrophobic black carbon aerosol | C28: C | D28: None | F28: 12.01 | G28: Aerosol | J28: None
A29: BENZ | B29: Benzene | C29: C6H6 | D29: c1ccccc1 | E29: InChI=1S/C6H6/c1-2-4-6-5-3-1/h1-6H | F29: 78.12 | G29: Gas | J29: BENZENE
A30: BENZO | B30: alkoxy radical from aromatics | C30: C6H5O | D30: [O]c1ccccc1 | E30: InChI=1S/C6H5O/c7-6-4-2-1-3-5-6/h1-5H | F30: 93 | G30: Gas | J30: C6H5O | M30: C6H5O
A31: BENZO2 | B31: peroxy radical from aromatics | C31: C6H5O2 | D31: [O]Oc1ccccc1 | E31: InChI=1S/C6H5O2/c7-8-6-4-2-1-3-5-6/h1-5H | F31: 109 | G31: Gas | J31: C6H5O2 | M31: C6H5O2;CATEC1O
A32: BENZP | B32: Phenyl hydroperoxide | C32: C6H6O2 | D32: OOc1ccccc1 | E32: InChI=1S/C6H6O2/c7-8-6-4-2-1-3-5-6/h1-5,7H | F32: 110.11 | G32: Gas | J32: C6H5OOH | M32: C6H5OOH;CATECHOL
A33: BRO2 | B33: Peroxy radical from BENZ oxidation | C33: C6H7O5 | D33: [O]OC1C=CC2OOC1C2O | E33: InChI=1S/C6H7O5/c7-5-3-1-2-4(9-8)6(5)11-10-3/h1-7H | F33: 159.13 | G33: Gas | J33: BZBIPERO2 | M33: ACCOCOETO;ACCOMCOMO;BZBIPERO2;BZEMUCO;C23C54CO3;C511CO3;C512CO3;C5CO34CO3;C6145COO2;C616O2;C620O2;C62O2;C6COCHOCO3;C6OTKETO;C6TRONOHO;CO234C65O2;CO235C6O2;CO356OCO;CY6TRIONO2;DMMALYO;EMALANHYO;EPXKTMCO3;EPXM2DLCO3;EPXMKTCO3;PHENO
A34: BZCO3 | B34: Acyl peroxy radical from benzaldehyde | C34: C7H5O3 | D34: [O]OC(=O)c1ccccc1 | E34: InChI=1S/C7H5O3/c8-7(10-9)6-4-2-1-3-5-6/h1-5H | F34: 137 | G34: Gas | J34: C6H5CO3 | M34: C6H5CO3
A35: BZCO3H | B35: Perbenzoic acid | C35: C6H5CO3H | D35: O=C(OO)c1ccccc1 | E35: InChI=1S/C7H6O3/c8-7(10-9)6-4-2-1-3-5-6/h1-5,9H | F35: 138.12 | G35: Gas | J35: C6H5CO3H
A36: BZPAN | B36: Peroxybenzoylnitrate | C36: C7H5O5N | D36: O=C(O[N+](=O)[O-])c1cccc2ooc12 | E36: InChI=1S/C7H3NO6/c9-7(12-8(10)11)4-2-1-3-5-6(4)14-13-5/h1-3H | F36: 183.12 | G36: Gas
A37: Be10 | B37: Beryllium-10 isotope | C37: Be10 | D37: None | F37: 10 | G37: Aerosol | J37: None
A38: Be10Strat | B38: Beryllium-10 isotope in stratosphere | C38: Be10 | D38: None | F38: 10 | G38: Aerosol | J38: None
A39: Be7 | B39: Beryllium-7 isotope | C39: Be7 | D39: None | F39: 7 | G39: Aerosol | J39: None
A40: Be7Strat | B40: Beryllium-7 isotope in stratosphere | C40: Be7 | D40: None | F40: 7 | G40: Aerosol | J40: None
A41: Br | B41: Atomic bromine | C41: Br | D41: [Br] | E41: InChI=1S/Br | F41: 79.9 | G41: Gas
A42: Br2 | B42: Molecular Bromine | C42: Br2 | D42: BrBr | E42: InChI=1S/Br2/c1-2 | F42: 159.8 | G42: Gas
A43: BrCl | B43: Bromine chloride | C43: BrCl | D43: ClBr | E43: InChI=1S/BrCl/c1-2 | F43: 115.45 | G43: Gas
A44: BrNO2 | B44: Nitryl bromide | C44: BrNO2 | D44: O=NOBr | E44: InChI=1S/BrNO2/c1-4-2-3 | F44: 125.91 | G44: Gas
A45: BrNO3 | B45: Bromine nitrate | C45: BrNO3 | D45: O=[N+]([O-])OBr | E45: InChI=1S/BrNO3/c1-5-2(3)4 | F45: 141.91 | G45: Gas
A46: BrO | B46: Bromine monoxide | C46: BrO | D46: [O]Br | E46: InChI=1S/BrO/c1-2 | F46: 95.9 | G46: Gas
A47: BrSALA | B47: Fine sea salt bromine | C47: Br | D47: None | F47: 79.9 | G47: Aerosol | J47: None
A48: BrSALC | B48: Coarse sea salt bromine | C48: Br | D48: None | F48: 79.9 | G48: Aerosol | J48: None
A49: C | B49: Atomic carbon | C49: C | D49: [C] | E49: InChI=1S/C | F49: 12.01 | G49: Aerosol | J49: None
A50: C2H2 | B50: Acetylene (aka Ethyne) | C50: C2H2 | D50: C#C | E50: InChI=1S/C2H2/c1-2/h1-2H | F50: 26.05 | G50: Gas | J50: C2H2
A51: C2H4 | B51: Ethylene | C51: C2H4 | D51: C=C | E51: InChI=1S/C2H4/c1-2/h1-2H2 | F51: 28.05 | G51: Gas | J51: C2H4
A52: C2H6 | B52: Ethane | C52: C2H6 | D52: CC | E52: InChI=1S/C2H6/c1-2/h1-2H3 | F52: 30.08 | G52: Gas | J52: C2H6
A53: C3H8 | B53: Propane | C53: C3H8 | D53: CCC | E53: InChI=1S/C3H8/c1-3-2/h3H2,1-2H3 | F53: 44.11 | G53: Gas | J53: C3H8
A54: C4HVP1 | B54: (E)-but-2-ene-1-hydroxy 3-OO;(Z)-but-2-ene-1-hydroxy 3-OO;C4 hydroxy-vinyl peroxy radicals from HPALDS | C54: C4H7O3 | D54: None | E54: InChI=1S/C4H7O3/c1-4(7-6)2-3-5/h2,5H,3H2,1H3/b4-2+;InChI=1S/C4H7O3/c1-4(7-6)2-3-5/h2,5H,3H2,1H3/b4-2- | F54: 103.11 | G54: Gas | J54: None | K54: C4HVP1 | L54: C4HVP1
A55: C4HVP2 | B55: (E) 2-methlyprop-1-ene 1-hydroxy - 3-OO;(Z) 2-methlyprop-1-ene 1-hydroxy - 3-OO;C4 hydroxy-vinyl peroxy radicals from HPALDS | C55: C4H7O3 | D55: None | E55: InChI=1S/C4H7O3/c1-4(2-5)3-7-6/h3,5H,2H2,1H3/b4-3+;InChI=1S/C4H7O3/c1-4(2-5)3-7-6/h3,5H,2H2,1H3/b4-3- | F55: 103.11 | G55: Gas | J55: None | K55: C4HVP2 | L55: C4HVP2
A56: CCl4 | B56: Carbon tetrachloride | C56: CCl4 | D56: ClC(Cl)(Cl)Cl | E56: InChI=1S/CCl4/c2-1(3,4)5 | F56: 153.82 | G56: Gas
A57: CFC11 | B57: CFC-11 | C57: CCl3F | D57: FC(Cl)(Cl)Cl | E57: InChI=1S/CCl3F/c2-1(3,4)5 | F57: 137.37 | G57: Gas | J57: None
A58: CFC113 | B58: CFC-113 | C58: C2Cl3F3 | D58: FC(F)(Cl)C(F)(Cl)Cl | E58: InChI=1S/C2Cl3F3/c3-1(4,6)2(5,7)8 | F58: 187.38 | G58: Gas | J58: None
A59: CFC114 | B59: CFC-114 | C59: C2Cl2F4 | D59: FC(F)(Cl)C(F)(F)Cl | E59: InChI=1S/C2Cl2F4/c3-1(5,6)2(4,7)8 | F59: 170.92 | G59: Gas | J59: None
A60: CFC115 | B60: CFC-115 | C60: C2ClF5 | D60: FC(F)(F)C(F)(F)Cl | E60: InChI=1S/C2ClF5/c3-1(4,5)2(6,7)8 | F60: 154.47 | G60: Gas | J60: None
A61: CFC12 | B61: CFC-12 | C61: CCl2F2 | D61: FC(F)(Cl)Cl | E61: InChI=1S/CCl2F2/c2-1(3,4)5 | F61: 120.91 | G61: Gas | J61: None
A62: CH2Br2 | B62: Dibromomethane | C62: CH2Br2 | D62: None | E62: InChI=1S/CH2Br2/c2-1-3/h1H | F62: 173.83 | G62: Gas
A63: CH2Cl2 | B63: Dichloromethane | C63: CH2Cl2 | D63: ClCCl | E63: InChI=1S/CH2Cl2/c2-1-3/h1H2 | F63: 84.93 | G63: Gas | J63: CH2CL2 | M63: CH2CL2
A64: CH2I2 | B64: Diiodomethane | C64: CH2I2 | D64: ICI | E64: InChI=1S/CH2I2/c2-1-3/h1H2 | F64: 267.84 | G64: Gas
A65: CH2IBr | B65: Bromoiodomethane | C65: CH2IBr | D65: BrCI | E65: InChI=1S/CH2BrI/c2-1-3/h1H2 | F65: 220.84 | G65: Gas
A66: CH2ICl | B66: Chloroiodomethane | C66: CH2ICl | D66: ClCI | E66: InChI=1S/CH2ClI/c2-1-3/h1H2 | F66: 176.38 | G66: Gas
A67: CH2O | B67: Formaldehyde | C67: CH2O | D67: C=O | E67: InChI=1S/CH2O/c1-2/h1H2 | F67: 30.03 | G67: Gas | J67: HCHO | K67: HCHO | L67: CH2O
A68: CH2OO | B68: Criegee intermediate | C68: CH2O2;CH2OO | D68: C=[O+][O-] | E68: InChI=1S/CH2O2/c1-3-2/h1H2 | F68: 46.03 | G68: Gas | J68: CH2OO;CH2OOA;CH2OOB;CH2OOC;CH2OOD;CH2OOE;CH2OOF;CH2OOG
A69: CH3Br | B69: Methyl bromide | C69: CH3Br | D69: CBr | E69: InChI=1S/CH3Br/c1-2/h1H3 | F69: 94.94 | G69: Gas | J69: CH3BR | M69: CH3BR
A70: CH3CCl3 | B70: Methyl chloroform | C70: CH3CCl3 | D70: CC(Cl)(Cl)Cl | E70: InChI=1S/C2H3Cl3/c1-2(3,4)5/h1H3 | F70: 133.35 | G70: Gas | J70: CH3CCL3
A71: CH3CHOO | B71: Criegee intermediate | C71: C2H4O2;CH3CHOO | D71: CC=[O+][O-] | E71: InChI=1S/C2H4O2/c1-2-4-3/h2H,1H3 | F71: 60.06 | G71: Gas | J71: CH3CHOO;CH3CHOOA;CH3CHOOB;CH3CHOOC
A72: CH3Cl | B72: Chloromethane | C72: CH3Cl | D72: CCl | E72: InChI=1S/CH3Cl/c1-2/h1H3 | F72: 50.45 | G72: Gas | J72: CH3CL | M72: CH3CL
A73: CH3I | B73: Methyl iodide | C73: CH3I | D73: CI | E73: InChI=1S/CH3I/c1-2/h1H3 | F73: 141.94 | G73: Gas
A74: CH3ITracer | B74: Methyl iodide | C74: CH3I | D74: CI | E74: InChI=1S/CH3I/c1-2/h1H3 | F74: 141.94 | G74: Gas | H74: v11-02d
A75: CH4 | B75: Methane | C75: CH4 | D75: C | E75: InChI=1S/CH4/h1H4 | F75: 16.05 | G75: Gas | J75: CH4
A76: CH4_BBN | B76: CH4 from biomass burning emissions | C76: CH4 | D76: C | E76: InChI=1S/CH4/h1H4 | F76: 16.05 | G76: Gas | J76: None | M76: CH4
A77: CH4_COL | B77: CH4 from coal mining emissions | C77: CH4 | D77: C | E77: InChI=1S/CH4/h1H4 | F77: 16.05 | G77: Gas | J77: None | M77: CH4
A78: CH4_GAS | B78: CH4 from gas emissions | C78: CH4 | D78: C | E78: InChI=1S/CH4/h1H4 | F78: 16.05 | G78: Gas | J78: None | M78: CH4
A79: CH4_LAK | B79: CH4 from lake emissions | C79: CH4 | D79: C | E79: InChI=1S/CH4/h1H4 | F79: 16.05 | G79: Gas | J79: None | M79: CH4
A80: CH4_LDF | B80: CH4 from landfill emissions | C80: CH4 | D80: C | E80: InChI=1S/CH4/h1H4 | F80: 16.05 | G80: Gas | J80: None | M80: CH4
A81: CH4_LIV | B81: CH4 from livestock emissions | C81: CH4 | D81: C | E81: InChI=1S/CH4/h1H4 | F81: 16.05 | G81: Gas | J81: None | M81: CH4
A82: CH4_OIL | B82: CH4 from oil emissions | C82: CH4 | D82: C | E82: InChI=1S/CH4/h1H4 | F82: 16.05 | G82: Gas | J82: None | M82: CH4
A83: CH4_OTA | B83: CH4 from other anthropogenic emissions | C83: CH4 | D83: C | E83: InChI=1S/CH4/h1H4 | F83: 16.05 | G83: Gas | J83: None | M83: CH4
A84: CH4_RIC | B84: CH4 from rice emissions | C84: CH4 | D84: C | E84: InChI=1S/CH4/h1H4 | F84: 16.05 | G84: Gas | J84: None | M84: CH4
A85: CH4_SAB | B85: CH4 from soil absorption emissions | C85: CH4 | D85: C | E85: InChI=1S/CH4/h1H4 | F85: 16.05 | G85: Gas | J85: None | M85: CH4
A86: CH4_SEE | B86: CH4 from geological seep emissions | C86: CH4 | D86: C | E86: InChI=1S/CH4/h1H4 | F86: 16.05 | G86: Gas | J86: None | M86: CH4
A87: CH4_TER | B87: CH4 from termite emissions | C87: CH4 | D87: C | E87: InChI=1S/CH4/h1H4 | F87: 16.05 | G87: Gas | J87: None | M87: CH4
... A89: CH4_WTL | B89: CH4 from wetland emissions | C89: CH4 | D89: C | E89: InChI=1S/CH4/h1H4 | F89: 16.05 | G89: Gas | J89: None | M89: CH4
A90: CHBr3 | B90: Bromoform | C90: CHBr3 | D90: BrC(Br)Br | E90: InChI=1S/CHBr3/c2-1(3)4/h1H | F90: 252.73 | G90: Gas
A91: CHCl3 | B91: Chloroform | C91: CHCl3 | D91: ClC(Cl)Cl | E91: InChI=1S/CHCl3/c2-1(3)4/h1H | F91: 119.35 | G91: Gas | J91: CHCL3 | M91: CHCL3
A92: CO | B92: Carbon monoxide | C92: CO | D92: [C-]#[O+] | E92: InChI=1S/CO/c1-2 | F92: 28.01 | G92: Gas | J92: CO
A93: CO2 | B93: Carbon dioxide | C93: CO2 | D93: O=C=O | E93: InChI=1S/CO2/c2-1-3 | F93: 44.01 | G93: Gas | J93: CO2
A94: CO2av | B94: Carbon dioxide from aviation emissions | C94: CO2 | D94: O=C=O | E94: InChI=1S/CO2/c2-1-3 | F94: 44.01 | G94: Gas | J94: None
A95: CO2bal | B95: Carbon dioxide from balanced biosphere | C95: CO2 | D95: O=C=O | E95: InChI=1S/CO2/c2-1-3 | F95: 44.01 | G95: Gas | J95: None
A96: CO2bb | B96: Carbon dioxide from biomass burning emissions | C96: CO2 | D96: O=C=O | E96: InChI=1S/CO2/c2-1-3 | F96: 44.01 | G96: Gas | J96: None
A97: CO2bf | B97: Carbon dioxide from biofuel emissions | C97: CO2 | D97: O=C=O | E97: InChI=1S/CO2/c2-1-3 | F97: 44.01 | G97: Gas | J97: None
A98: CO2bg | B98: CO2 background | C98: CO2 | D98: O=C=O | E98: InChI=1S/CO2/c2-1-3 | F98: 44 | G98: Gas | J98: None
A99: CO2ch | B99: Carbon dioxide from chemical sources | C99: CO2 | D99: O=C=O | E99: InChI=1S/CO2/c2-1-3 | F99: 44.01 | G99: Gas | J99: None
A100: CO2corr | B100: Carbon dioxide chemical source surface correction | C100: CO2 | D100: O=C=O | E100: InChI=1S/CO2/c2-1-3 | F100: 44.01 | G100: Gas | J100: None
A101: CO2ff | B101: Carbon dioxide from fossil fuel emissions | C101: CO2 | D101: O=C=O | E101: InChI=1S/CO2/c2-1-3 | F101: 44.01 | G101: Gas | J101: None
...

Sheet Sheet2
B1: Formula | C1: FullName | D1: MW_g | E1: Phase | F1: INCHI
A2: ACR | B2: C3H4O | C2: Acrolein | D2: 56.06 | E2: Gas | F2: InChI=1S/C3H4O/c1-2-3-4/h2-3H,1H2
A3: Br | B3: Br | C3: Atomic bromine | D3: 79.9 | E3: =_xlfn.XLOOKUP(A3,Sheet1!A$2:A$800,Sheet1!G$2:G$800, "") -> Gas | F3: InChI=1S/Br
A4: Br2 | B4: Br2 | C4: Molecular Bromine | D4: 159.8 | E4: =_xlfn.XLOOKUP(A4,Sheet1!A$2:A$800,Sheet1!G$2:G$800, "") -> Gas | F4: InChI=1S/Br2/c1-2
A5: BrCl | B5: BrCl | C5: Bromine chloride | D5: 115.45 | E5: =_xlfn.XLOOKUP(A5,Sheet1!A$2:A$800,Sheet1!G$2:G$800, "") -> Gas | F5: InChI=1S/BrCl/c1-2
A6: HBr | B6: HBr | C6: Hypobromic acid | D6: 80.91 | E6: =_xlfn.XLOOKUP(A6,Sheet1!A$2:A$800,Sheet1!G$2:G$800, "") -> Gas | F6: InChI=1S/BrH/h1H
A7: BrSALA | B7: Br | C7: Fine sea salt bromine | D7: 79.9 | E7: =_xlfn.XLOOKUP(A7,Sheet1!A$2:A$800,Sheet1!G$2:G$800, "") -> Aerosol | F7: InChI=1S/BrH/h1H/p-1
A8: BrSALC | B8: Br | C8: Coarse sea salt bromine | D8: 79.9 | E8: =_xlfn.XLOOKUP(A8,Sheet1!A$2:A$800,Sheet1!G$2:G$800, "") -> Aerosol | F8: InChI=1S/BrH/h1H/p-1
A9: HOBr | B9: HOBr | C9: Hypobromous acid | D9: 96.91 | E9: =_xlfn.XLOOKUP(A9,Sheet1!A$2:A$800,Sheet1!G$2:G$800, "") -> Gas | F9: InChI=1S/BrHO/c1-2/h2H
A10: IBr | B10: IBr | C10: Iodine monobromide | D10: 206.9 | E10: =_xlfn.XLOOKUP(A10,Sheet1!A$2:A$800,Sheet1!G$2:G$800, "") -> Gas | F10: InChI=1S/BrI/c1-2
A11: BrNO2 | B11: BrNO2 | C11: Nitryl bromide | D11: 125.91 | E11: =_xlfn.XLOOKUP(A11,Sheet1!A$2:A$800,Sheet1!G$2:G$800, "") -> Gas | F11: InChI=1S/BrNO2/c1-4-2-3
A12: BrNO3 | B12: BrNO3 | C12: Bromine nitrate | D12: 141.91 | E12: =_xlfn.XLOOKUP(A12,Sheet1!A$2:A$800,Sheet1!G$2:G$800, "") -> Gas | F12: InChI=1S/BrNO3/c1-5-2(3)4
A13: BrO | B13: BrO | C13: Bromine monoxide | D13: 95.9 | E13: =_xlfn.XLOOKUP(A13,Sheet1!A$2:A$800,Sheet1!G$2:G$800, "") -> Gas | F13: InChI=1S/BrO/c1-2
A14: MONITA | C14: Aer-phase organic nitrate from monoterpene precursors | D14: 14.01 | E14: =_xlfn.XLOOKUP(A14,Sheet1!A$2:A$800,Sheet1!G$2:G$800, "") -> Aerosol | F14: InChI=1S/C10H15NO4/c1-9(2)6-4-7(9)10(3,8(12)5-6)15-11(13)14/h6-7H,4-5H2,1-3H3;InChI=1S/C10H15NO4/c1-9(2)7-3-4-10(6-12,8(9)5-7)15-11(13)14/h6-8H,3-5H2,1-2H3;InChI=1S/C10H15NO5/c1-7(13)8-6-10(4-5-12,9(8,2)3)16-11(14)15/h5,8H,4,6H2,1-3H3;InChI=1S/C10H15NO6/c1-7(13)9(14)6-8(4-5-12)10(2,3)17-11(15)16/h5,8H,4,6H2,1-3H3;InChI=1S/C10H15NO6/c1-7(13)9(6-8(14)4-5-12)10(2,3)17-11(15)16/h5,9H,4,6H2,1-3H3;InChI=1S/C10H15NO6/c1-8(2)6-4-10(8,17-15)5-7(12)9(6,3)16-11(13)14/h6,15H,4-5H2,1-3H3;InChI=1S/C10H15NO6/c1-9(2)6-3-4-10(7(9)5-6,8(12)16-15)17-11(13)14/h6-7,15H,3-5H2,1-2H3;InChI=1S/C10H15NO7/c1-9(2,18-16)7-4-6(12)5-8(13)10(7,3)17-11(14)15/h7,16H,4-5H2,1-3H3;InChI=1S/C10H17NO4/c1-10(2,15-11(13)14)9-5-3-8(7-12)4-6-9/h3,9,12H,4-7H2,1-2H3;InChI=1S/C10H17NO4/c1-7(2)8-4-5-10(3,12)9(6-8)15-11(13)14/h8-9,12H,1,4-6H2,2-3H3;InChI=1S/C10H17NO4/c1-7(2)8-4-5-10(3,9(12)6-8)15-11(13)14/h8-9,12H,1,4-6H2,2-3H3;InChI=1S/C10H17NO4/c1-7-4-5-8(6-9(7)12)10(2,3)15-11(13)14/h4,8-9,12H,5-6H2,1-3H3;InChI=1S/C10H17NO4/c1-8-3-5-9(6-4-8)10(2,7-12)15-11(13)14/h3,9,12H,4-7H2,1-2H3;InChI=1S/C10H17NO4/c1-9(2)6-4-7(9)10(3,12)8(5-6)15-11(13)14/h6-8,12H,4-5H2,1-3H3;InChI=1S/C10H17NO4/c1-9(2)6-4-7(9)10(3,8(12)5-6)15-11(13)14/h6-8,12H,4-5H2,1-3H3;InChI=1S/C10H17NO4/c1-9(2)7-3-4-10(12,8(9)5-7)6-15-11(13)14/h7-8,12H,3-6H2,1-2H3;InChI=1S/C10H17NO4/c1-9(2)7-3-4-10(6-12,8(9)5-7)15-11(13)14/h7-8,12H,3-6H2,1-2H3;InChI=1S/C10H17NO5/c1-7(2)8-4-5-10(3,16-14)9(6-8)15-11(12)13/h8-9,14H,1,4-6H2,2-3H3;InChI=1S/C10H17NO5/c1-9(2)6-4-7(9)10(3,16-11(12)13)8(5-6)15-14/h6-8,14H,4-5H2,1-3H3;InChI=1S/C10H17NO5/c1-9(2)6-4-7(9)10(3,16-14)8(5-6)15-11(12)13/h6-8,14H,4-5H2,1-3H3;InChI=1S/C10H17NO5/c1-9(2)7-3-4-10(16-14,8(9)5-7)6-15-11(12)13/h7-8,14H,3-6H2,1-2H3;InChI=1S/C10H17NO5/c1-9(2)7-3-4-10(6-15-14,8(9)5-7)16-11(12)13/h7-8,14H,3-6H2,1-2H3;InChI=1S/C10H17NO6/c1-8(13)3-4-9(5-6-12)10(2,14)7-17-11(15)16/h6,9,14H,3-5,7H2,1-2H3;InChI=1S/C10H17NO6/c1-8(14)3-4-9(5-6-12)10(2,7-13)17-11(15)16/h6,9,13H,3-5,7H2,1-2H3;InChI=1S/C10H17NO7/c1-8(13)3-4-9(5-6-12)10(2,18-16)7-17-11(14)15/h6,9,16H,3-5,7H2,1-2H3;InChI=1S/C2H5NO4/c4-1-2-7-3(5)6/h4H,1-2H2;InChI=1S/C3H5NO5/c1-3(9-7)2-8-4(5)6/h2H2,1H3;InChI=1S/C4H5NO5/c1-3(7)4(2-6)10-5(8)9/h2,4H,1H3;InChI=1S/C4H5NO5/c1-4(2-6,3-7)10-5(8)9/h2-3H,1H3;InChI=1S/C4H5NO6/c1-4(2-6,3(7)8)11-5(9)10/h2H,1H3,(H,7,8);InChI=1S/C4H5NO7/c1-2(6)3(4(7)12-10)11-5(8)9/h3,10H,1H3;InChI=1S/C4H5NO7/c1-4(2-6,3(7)11-10)12-5(8)9/h2,10H,1H3;InChI=1S/C4H7NO4/c1-4(6)2-3-9-5(7)8/h2-3H2,1H3;InChI=1S/C4H7NO6/c1-3(11-9)4(2-6)10-5(7)8/h4,6H,2H2,1H3;InChI=1S/C4H7NO6/c1-4(8,3(6)7)2-11-5(9)10/h8H,2H2,1H3,(H,6,7);InChI=1S/C4H9NO4/c1-4(2,6)3-9-5(7)8/h6H,3H2,1-2H3;InChI=1S/C5H11NO6/c1-5(9,3-8)4(2-7)12-6(10)11/h4,7-9H,2-3H2,1H3;InChI=1S/C5H11NO6/c1-5(9,4(8)2-7)3-12-6(10)11/h4,7-9H,2-3H2,1H3;InChI=1S/C5H7NO5/c7-3-1-5(2-4-8)11-6(9)10/h3-5H,1-2H2;InChI=1S/C5H7NO5/c7-3-1-5(8)2-4-11-6(9)10/h3H,1-2,4H2;InChI=1S/C5H7NO6/c1-5(3-8,4(9)2-7)12-6(10)11/h2-4,9H,1H3;InChI=1S/C5H7NO6/c1-5(9,3-8)4(2-7)12-6(10)11/h2-4,9H,1H3;InChI=1S/C5H7NO6/c1-5(9,4(8)2-7)3-12-6(10)11/h2,9H,3H2,1H3;InChI=1S/C5H7NO7/c1-5(13-10)3(12-6(8)9)2-11-4(5)7/h3,10H,2H2,1H3;InChI=1S/C5H7NO7/c1-5(2-7,13-6(11)12)3(8)4(9)10/h2-3,8H,1H3,(H,9,10);InChI=1S/C5H7NO7/c1-5(4(9)10,3(8)2-7)13-6(11)12/h2-3,8H,1H3,(H,9,10);InChI=1S/C5H7NO8/c1-5(2-7,14-6(10)11)3(8)4(9)13-12/h2-3,8,12H,1H3;InChI=1S/C5H7NO8/c1-5(3(8)2-7,4(9)13-12)14-6(10)11/h2-3,8,12H,1H3;InChI=1S/C5H7NO8/c1-5(9,4(8)14-12)3(2-7)13-6(10)11/h2-3,9,12H,1H3;InChI=1S/C5H8N2O10/c1-5(2-8,17-7(12)13)3(4(9)16-14)15-6(10)11/h3,8,14H,2H2,1H3;InChI=1S/C5H8N2O10/c1-5(4(9)16-14,17-7(12)13)3(2-8)15-6(10)11/h3,8,14H,2H2,1H3;InChI=1S/C5H8N2O10/c1-5(9,2-15-6(10)11)3(4(8)17-14)16-7(12)13/h3,9,14H,2H2,1H3;InChI=1S/C5H8N2O8/c1-5(3-9,15-7(12)13)4(2-8)14-6(10)11/h2,4,9H,3H2,1H3;InChI=1S/C5H8N2O8/c1-5(3-9,15-7(12)13)4(2-8)14-6(10)11/h3-4,8H,2H2,1H3;InChI=1S/C5H8N2O9/c1-5(10,2-15-6(11)12)3(4(8)9)16-7(13)14/h3,10H,2H2,1H3,(H,8,9);InChI=1S/C5H8N2O9/c1-5(2-8,16-7(13)14)3(4(9)10)15-6(11)12/h3,8H,2H2,1H3,(H,9,10);InChI=1S/C5H8N2O9/c1-5(4(9)10,16-7(13)14)3(2-8)15-6(11)12/h3,8H,2H2,1H3,(H,9,10);InChI=1S/C5H9NO5/c1-4(8)5(2-7)3-11-6(9)10/h5,7H,2-3H2,1H3;InChI=1S/C5H9NO6/c1-5(3-8,4(9)2-7)12-6(10)11/h2,4,8-9H,3H2,1H3;InChI=1S/C5H9NO6/c1-5(9,3-8)4(2-7)12-6(10)11/h3-4,7,9H,2H2,1H3;InChI=1S/C5H9NO6/c1-5(9,4(8)2-7)3-12-6(10)11/h7,9H,2-3H2,1H3;InChI=1S/C5H9NO7/c1-5(2-7,13-6(11)12)3(8)4(9)10/h3,7-8H,2H2,1H3,(H,9,10);InChI=1S/C5H9NO7/c1-5(4(9)10,3(8)2-7)13-6(11)12/h3,7-8H,2H2,1H3,(H,9,10);InChI=1S/C5H9NO8/c1-5(2-7,14-6(10)11)3(8)4(9)13-12/h3,7-8,12H,2H2,1H3;InChI=1S/C5H9NO8/c1-5(3(8)2-7,4(9)13-12)14-6(10)11/h3,7-8,12H,2H2,1H3;InChI=1S/C5H9NO8/c1-5(9,4(8)14-12)3(2-7)13-6(10)11/h3,7,9,12H,2H2,1H3;InChI=1S/C5H9NO9/c1-5(15-12,4(8)14-11)3(2-7)13-6(9)10/h3,7,11-12H,2H2,1H3;InChI=1S/C6H11NO4/c1-5(2)6(3-4-8)11-7(9)10/h6,8H,1,3-4H2,2H3;InChI=1S/C6H11NO4/c1-5(2)6(3-8)4-11-7(9)10/h6,8H,1,3-4H2,2H3;InChI=1S/C6H11NO6/c1-6(10,4-13-7(11)12)5(2-8)3-9/h2,5,9-10H,3-4H2,1H3;InChI=1S/C6H11NO6/c1-6(4-10,13-7(11)12)5(2-8)3-9/h2,5,9-10H,3-4H2,1H3;InChI=1S/C6H11NO7/c1-6(14-12,4-13-7(10)11)5(2-8)3-9/h2,5,9,12H,3-4H2,1H3;InChI=1S/C6H9NO5/c1-5(9)6(2-3-8)4-12-7(10)11/h3,6H,2,4H2,1H3;InChI=1S/C6H9NO6/c1-4(9)6(10)2-5(3-8)13-7(11)12/h5,8H,2-3H2,1H3;InChI=1S/C7H11NO4/c1-5-2-3-6(4-7(5)9)12-8(10)11/h2,6-7,9H,3-4H2,1H3;InChI=1S/C7H11NO4/c1-6(2)7(3-4-9)5-12-8(10)11/h4,7H,1,3,5H2,2H3;InChI=1S/C7H11NO5/c1-6(10)7(2-4-9)3-5-13-8(11)12/h4,7H,2-3,5H2,1H3;InChI=1S/C7H11NO5/c1-7(2,5-9)6(10)3-4-13-8(11)12/h5H,3-4H2,1-2H3;InChI=1S/C7H11NO6/c1-5(9)6(2-3-7(10)11)4-14-8(12)13/h6H,2-4H2,1H3,(H,10,11);InChI=1S/C7H11NO6/c1-7(14-8(12)13)5(10)2-4(9)3-6(7)11/h5-6,10-11H,2-3H2,1H3;InChI=1S/C7H13NO6/c1-7(11,5-14-8(12)13)6(4-10)2-3-9/h3,6,10-11H,2,4-5H2,1H3;InChI=1S/C7H13NO6/c1-7(11,5-14-8(12)13)6(4-10)2-3-9/h4,6,9,11H,2-3,5H2,1H3;InChI=1S/C7H13NO6/c1-7(5-11,14-8(12)13)6(4-10)2-3-9/h3,6,10-11H,2,4-5H2,1H3;InChI=1S/C7H13NO6/c1-7(5-11,14-8(12)13)6(4-10)2-3-9/h4,6,9,11H,2-3,5H2,1H3;InChI=1S/C7H13NO7/c1-7(15-13,5-14-8(11)12)6(4-10)2-3-9/h3,6,10,13H,2,4-5H2,1H3;InChI=1S/C7H13NO7/c1-7(15-13,5-14-8(11)12)6(4-10)2-3-9/h4,6,9,13H,2-3,5H2,1H3;InChI=1S/C7H7NO6/c1-7(14-8(12)13)5(10)2-4(9)3-6(7)11/h2-3H2,1H3;InChI=1S/C7H7NO8/c1-7(16-8(12)13)4(10)2-3(9)5(15-14)6(7)11/h5,14H,2H2,1H3;InChI=1S/C7H7NO9/c1-7(6(12)16-15,17-8(13)14)5(11)2-4(10)3-9/h3,15H,2H2,1H3;InChI=1S/C7H9NO6/c1-5(10)7(11)4-6(2-3-9)14-8(12)13/h3,6H,2,4H2,1H3;InChI=1S/C7H9NO7/c1-7(15-8(11)12)5(10)2-4(9)3-6(7)14-13/h6,13H,2-3H2,1H3;InChI=1S/C8H13NO3/c1-8(2)5-3-6(8)7(4-5)12-9(10)11/h5-7H,3-4H2,1-2H3;InChI=1S/C8H13NO4/c1-7(2)8(3-5-10)4-6-13-9(11)12/h5,8H,1,3-4,6H2,2H3;InChI=1S/C8H13NO4/c1-8(2)6(3-4-10)5-7(8)13-9(11)12/h4,6-7H,3,5H2,1-2H3;InChI=1S/C8H13NO5/c1-6(10)3-4-8(7(2)11)5-14-9(12)13/h8H,3-5H2,1-2H3;InChI=1S/C8H13NO5/c1-6(2)7(3-4-8(10)11)5-14-9(12)13/h7H,1,3-5H2,2H3,(H,10,11);InChI=1S/C8H13NO5/c1-8(2)5(4-14-9(12)13)3-6(8)7(10)11/h5-6H,3-4H2,1-2H3,(H,10,11);InChI=1S/C8H13NO5/c1-8(2,14-9(12)13)7(3-5-10)4-6-11/h5-7H,3-4H2,1-2H3;InChI=1S/C8H13NO6/c1-8(12,6-15-9(13)14)7(2-4-10)3-5-11/h4-5,7,12H,2-3,6H2,1H3;InChI=1S/C8H13NO6/c1-8(6-12,15-9(13)14)7(2-4-10)3-5-11/h4-5,7,12H,2-3,6H2,1H3;InChI=1S/C8H13NO7/c1-8(16-14,6-15-9(12)13)7(2-4-10)3-5-11/h4-5,7,14H,2-3,6H2,1H3;InChI=1S/C8H13NO7/c1-8(2,16-9(14)15)5(4-10)3-6(11)7(12)13/h5,10H,3-4H2,1-2H3,(H,12,13);InChI=1S/C9H11NO5/c1-9(2)6-4(11)3-5(12)7(9)8(6)15-10(13)14/h6-8H,3H2,1-2H3;InChI=1S/C9H13NO4/c1-8(2)6-5-9(8,14-10(12)13)4-3-7(6)11/h6H,3-5H2,1-2H3;InChI=1S/C9H13NO4/c1-9(2)5-3-4-6(11)7(9)8(5)14-10(12)13/h5,7-8H,3-4H2,1-2H3;InChI=1S/C9H13NO4/c1-9(2)5-3-6(9)8(4-7(5)11)14-10(12)13/h5-6,8H,3-4H2,1-2H3;InChI=1S/C9H13NO5/c1-9(2)6(5-11)7(12)3-4-8(9)15-10(13)14/h5-6,8H,3-4H2,1-2H3;InChI=1S/C9H13NO5/c1-9(2)6(7(12)3-4-11)5-8(9)15-10(13)14/h4,6,8H,3,5H2,1-2H3;InChI=1S/C9H13NO5/c1-9(2,15-10(13)14)7-5-6(11)3-4-8(7)12/h7H,3-5H2,1-2H3;InChI=1S/C9H13NO6/c1-9(2,16-10(14)15)7(3-5-11)8(13)4-6-12/h5-7H,3-4H2,1-2H3;InChI=1S/C9H13NO6/c1-9(2,16-10(14)15)7(6-12)8(13)4-3-5-11/h5-7H,3-4H2,1-2H3;InChI=1S/C9H15NO4/c1-6(11)8-4-7(9(8,2)3)5-14-10(12)13/h7-8H,4-5H2,1-3H3;InChI=1S/C9H15NO4/c1-7(2)9(5-4-8(3)11)6-14-10(12)13/h9H,1,4-6H2,2-3H3;InChI=1S/C9H15NO5/c1-6(11)7-3-4-9(2,12)8(5-7)15-10(13)14/h7-8,12H,3-5H2,1-2H3;InChI=1S/C9H15NO5/c1-6(11)7-3-4-9(2,8(12)5-7)15-10(13)14/h7-8,12H,3-5H2,1-2H3;InChI=1S/C9H15NO6/c1-6(11)7-3-4-9(2,16-14)8(5-7)15-10(12)13/h7-8,14H,3-5H2,1-2H3;InChI=1S/C9H15NO6/c1-6(12)8(13)4-7(5-11)9(2,3)16-10(14)15/h7,11H,4-5H2,1-3H3
A15: MTPA | C15: a-pinene, b-pinene, sabinene, carene | D15: 136.26 | E15: =_xlfn.XLOOKUP(A15,Sheet1!A$2:A$800,Sheet1!G$2:G$800, "") -> Gas | F15: InChI=1S/C10H16/c1-7-4-5-8-6-9(7)10(8,2)3/h4,8-9H,5-6H2,1-3H3;InChI=1S/C10H16/c1-7-4-5-8-6-9(7)10(8,2)3/h8-9H,1,4-6H2,2-3H3;InChI=1S/C10H16/c1-7(2)10-5-4-8(3)9(10)6-10/h7,9H,3-6H2,1-2H3;InChI=1S/C10H16/c1-7-4-5-8-9(6-7)10(8,2)3/h4,8-9H,5-6H2,1-3H3
A16: LIMO | B16: C10H16 | C16: Limonene | D16: 136.26 | E16: =_xlfn.XLOOKUP(A16,Sheet1!A$2:A$800,Sheet1!G$2:G$800, "") -> Gas | F16: InChI=1S/C10H16/c1-8(2)10-6-4-9(3)5-7-10/h4,10H,1,5-7H2,2-3H3
A17: MTPO | C17: Terpinene, terpinolene, myrcene, ocimene, other monoterpenes | D17: 136.26 | E17: =_xlfn.XLOOKUP(A17,Sheet1!A$2:A$800,Sheet1!G$2:G$800, "") -> Gas | F17: InChI=1S/C10H16/c1-8(2)10-6-4-9(3)5-7-10/h4,7-8H,5-6H2,1-3H3;InChI=1S/C10H16/c1-8(2)10-6-4-9(3)5-7-10/h4,6,8H,5,7H2,1-3H3;InChI=1S/C10H16/c1-8(2)10-6-4-9(3)5-7-10/h4H,5-7H2,1-3H3;InChI=1S/C10H16/c1-5-10(4)8-6-7-9(2)3/h5,7H,1,4,6,8H2,2-3H3;InChI=1S/C10H16/c1-5-10(4)8-6-7-9(2)3/h5,7-8H,1,6H2,2-4H3/b10-8+;InChI=1S/C10H16/c1-5-10(4)8-6-7-9(2)3/h5,7-8H,1,6H2,2-4H3/b10-8-;InChI=1S/C10H16/c1-5-10(4)8-6-7-9(2)3/h5,8H,1-2,6-7H2,3-4H3/b10-8-;InChI=1S/C10H16/c1-5-10(4)8-6-7-9(2)3/h5,7-8H,1,6H2,2-4H3;InChI=1S/C10H14/c1-8(2)10-6-4-9(3)5-7-10/h4-8H,1-3H3;InChI=1S/C10H14/c1-8(2)10-7-5-4-6-9(10)3/h4-8H,1-3H3;InChI=1S/C10H14/c1-8(2)10-6-4-5-9(3)7-10/h4-8H,1-3H3
A18: OLND | B18: C10H16NO5 | C18: Monoterpene-derived NO3-alkene adduct | D18: 230.27 | E18: =_xlfn.XLOOKUP(A18,Sheet1!A$2:A$800,Sheet1!G$2:G$800, "") -> Gas | F18: InChI=1S/C10H16NO5/c1-7(2)8-4-5-10(3,16-14)9(6-8)15-11(12)13/h8-9H,1,4-6H2,2-3H3
A19: OLNN | B19: C10H16NO5 | C19: Monoterpene-derived NO3 adduct | D19: 230.27 | E19: =_xlfn.XLOOKUP(A19,Sheet1!A$2:A$800,Sheet1!G$2:G$800, "") -> Gas | F19: InChI=1S/C10H16NO5/c1-9(2)7-3-4-10(16-14,8(9)5-7)6-15-11(12)13/h7-8H,3-6H2,1-2H3;InChI=1S/C10H16NO5/c1-9(2)6-4-7(9)10(3,16-14)8(5-6)15-11(12)13/h6-8H,4-5H2,1-3H3;InChI=1S/C10H16NO5/c1-9(2)6-4-7(9)10(3,16-11(12)13)8(5-6)15-14/h6-8H,4-5H2,1-3H3;InChI=1S/C10H16NO5/c1-9(2)7-3-4-10(6-15-14,8(9)5-7)16-11(12)13/h7-8H,3-6H2,1-2H3
A20: LIMAL | B20: C10H16O2 | C20: Aldehyde from limonene | D20: 186.28 | E20: Gas | F20: InChI=1S/C10H16O2/c1-6(2)8-5-9(11)7(3)4-10(8)12/h4,6,8,10,12H,5H2,1-3H3/t8-,10+/m0/s1 InChI=1S/C10H16O2/c1-6(2)8-5-9(11)7(3)4-10(8)12/h4,6,8,10,12H,5H2,1-3H3/t8-,10-/m0/s1
A21: LIMKET | B21: C10H16O2 | C21: Ketone from limonene | D21: 186.28 | E21: Gas | F21: InChI=1S/C10H16O2/c1-6(2)8-5-9(11)7(3)4-10(8)12/h4,6,8,10,12H,5H2,1-3H3/t8-,10+/m0/s1 InChI=1S/C10H16O2/c1-6(2)8-5-9(11)7(3)4-10(8)12/h4,6,8,10,12H,5H2,1-3H3/t8-,10-/m0/s1
A22: PINAL | B22: C10H16O2 | C22: Pinonaldehyde | D22: 186.28 | E22: Gas | F22: InChI=1S/C10H16O2/c1-6(2)8-5-9(11)7(3)4-10(8)12/h4,6,8,10,12H,5H2,1-3H3/t8-,10+/m0/s1 InChI=1S/C10H16O2/c1-6(2)8-5-9(11)7(3)4-10(8)12/h4,6,8,10,12H,5H2,1-3H3/t8-,10-/m0/s1
A23: LIMKB | B23: C10H16O3 | C23: 2nd gen ketone from limonene | D23: 186.28 | E23: Gas | F23: InChI=1S/C10H16O3/c1-2-13-10(12)7-9(11)8-5-3-4-6-8/h8H,2-7H2,1H3
A24: MONITU | B24: C10H17NO4 | C24: Unsaturated 1st gen monoterpene organic nitrate | D24: 215.28 | E24: =_xlfn.XLOOKUP(A24,Sheet1!A$2:A$800,Sheet1!G$2:G$800, "") -> Gas | F24: InChI=1S/C10H17NO4/c1-7-4-5-8(6-9(7)12)10(2,3)15-11(13)14/h4,8-9,12H,5-6H2,1-3H3;InChI=1S/C10H17NO4/c1-10(2,15-11(13)14)9-5-3-8(7-12)4-6-9/h3,9,12H,4-7H2,1-2H3;InChI=1S/C10H17NO4/c1-7(2)8-4-5-10(3,12)9(6-8)15-11(13)14/h8-9,12H,1,4-6H2,2-3H3;InChI=1S/C10H17NO4/c1-7(2)8-4-5-10(3,9(12)6-8)15-11(13)14/h8-9,12H,1,4-6H2,2-3H3;InChI=1S/C10H17NO4/c1-8-3-5-9(6-4-8)10(2,7-12)15-11(13)14/h3,9,12H,4-7H2,1-2H3;InChI=1S/C10H17NO4/c1-7(12)4-5-8-9(15-11(13)14)6-10(8,2)3/h8-9H,4-6H2,1-3H3
A25: MONITS | B25: C10H17NO4 | C25: Saturated 1st gen monoterpene organic nitrate | D25: 215.28 | E25: =_xlfn.XLOOKUP(A25,Sheet1!A$2:A$800,Sheet1!G$2:G$800, "") -> Gas | F25: InChI=1S/C10H17NO4/c1-9(2)6-4-7(9)10(3,8(12)5-6)15-11(13)14/h6-8,12H,4-5H2,1-3H3;InChI=1S/C10H17NO4/c1-9(2)6-4-7(9)10(3,12)8(5-6)15-11(13)14/h6-8,12H,4-5H2,1-3H3;InChI=1S/C10H17NO5/c1-9(2)6-4-7(9)10(3,16-14)8(5-6)15-11(12)13/h6-8,14H,4-5H2,1-3H3;InChI=1S/C10H17NO5/c1-9(2)6-4-7(9)10(3,16-11(12)13)8(5-6)15-14/h6-8,14H,4-5H2,1-3H3;InChI=1S/C10H17NO4/c1-9(2)7-3-4-10(6-12,8(9)5-7)15-11(13)14/h7-8,12H,3-6H2,1-2H3;InChI=1S/C10H17NO4/c1-9(2)7-3-4-10(12,8(9)5-7)6-15-11(13)14/h7-8,12H,3-6H2,1-2H3;InChI=1S/C10H17NO5/c1-9(2)7-3-4-10(16-14,8(9)5-7)6-15-11(12)13/h7-8,14H,3-6H2,1-2H3;InChI=1S/C10H17NO5/c1-9(2)7-3-4-10(6-15-14,8(9)5-7)16-11(12)13/h7-8,14H,3-6H2,1-2H3
A26: LIMO2 | B26: C10H17O3 | C26: Peroxy radical from LIMO | D26: 185.27 | E26: =_xlfn.XLOOKUP(A26,Sheet1!A$2:A$800,Sheet1!G$2:G$800, "") -> Gas | F26: InChI=1S/C10H17O3/c1-7(2)8-4-5-10(3,13-12)9(11)6-8/h8-9,11H,1,4-6H2,2-3H3;InChI=1S/C10H17O3/c1-7(2)8-4-5-10(3,11)9(6-8)13-12/h8-9,11H,1,4-6H2,2-3H3; InChI=1S/C10H17O3/c1-8-3-5-9(6-4-8)10(2,7-11)13-12/h3,9,11H,4-7H2,1-2H3
A27: PIO2 | B27: C10H17O3 | C27: Peroxy radical from MTPA | D27: 185.27 | E27: =_xlfn.XLOOKUP(A27,Sheet1!A$2:A$800,Sheet1!G$2:G$800, "") -> Gas | F27: InChI=1S/C10H17O3/c1-9(2)6-4-7(9)10(3,13-12)8(11)5-6/h6-8,11H,4-5H2,1-3H3;InChI=1S/C10H17O3/c1-9(2)6-4-7(9)10(3,11)8(5-6)13-12/h6-8,11H,4-5H2,1-3H3;InChI=1S/C10H17O3/c1-9(2)7-3-4-10(6-11,13-12)8(9)5-7/h7-8,11H,3-6H2,1-2H3;InChI=1S/C10H17O3/c1-9(2)7-3-4-10(11,6-13-12)8(9)5-7/h7-8,11H,3-6H2,1-2H3;InChI=1S/C10H17O3/c1-10(2,13-12)9-5-3-8(7-11)4-6-9/h3,9,11H,4-7H2,1-2H3;InChI=1S/C10H17O3/c1-7(2)8-4-5-10(3,13-12)9(11)6-8/h8-9,11H,1,4-6H2,2-3H3;InChI=InChI=1S/C10H17O3/c1-7(11)4-5-8-9(13-12)6-10(8,2)3/h8-9H,4-6H2,1-3H3;1S/C10H17O3/c1-7(2)8-4-5-10(3,11)9(6-8)13-12/h8-9,11H,1,4-6H2,2-3H3;InChI=1S/C10H17O3/c1-8-3-5-9(6-4-8)10(2,7-11)13-12/h3,9,11H,4-7H2,1-2H3;
A28: LIMO2H | B28: C10H18O3 | C28: Acid from LIMO | D28: 186.28 | E28: Gas | F28: InChI=1S/C10H18O3/c1-2-13-9(12)10(8-11)6-4-3-5-7-10/h11H,2-8H2,1H3
A29: PINONIC | B29: C10H18O3 | C29: Pinonic acid | D29: 186.28 | E29: Gas | F29: InChI=1S/C10H18O3/c1-2-13-9(12)10(8-11)6-4-3-5-7-10/h11H,2-8H2,1H3
A30: PIP | B30: C10H18O3 | C30: Peroxide from MTPA | D30: 186.28 | E30: =_xlfn.XLOOKUP(A30,Sheet1!A$2:A$800,Sheet1!G$2:G$800, "") -> Gas | F30: InChI=1S/C10H18O3/c1-9(2)6-4-7(9)10(3,13-12)8(11)5-6/h6-8,11-12H,4-5H2,1-3H3;InChI=1S/C10H18O3/c1-9(2)6-4-7(9)10(3,11)8(5-6)13-12/h6-8,11-12H,4-5H2,1-3H3;InChI=1S/C10H18O3/c1-7-4-5-8(6-9(7)11)10(2,3)13-12/h4,8-9,11-12H,5-6H2,1-3H3;InChI=1S/C10H18O3/c1-9(2)7-3-4-10(6-11,13-12)8(9)5-7/h7-8,11-12H,3-6H2,1-2H3;InChI=1S/C10H18O3/c1-9(2)7-3-4-10(11,6-13-12)8(9)5-7/h7-8,11-12H,3-6H2,1-2H3;InChI=1S/C10H18O3/c1-10(2,13-12)9-5-3-8(7-11)4-6-9/h3,9,11-12H,4-7H2,1-2H3;InChI=1S/C10H18O3/c1-7(11)4-5-8-9(13-12)6-10(8,2)3/h8-9,12H,4-6H2,1-3H3
A31: LIMO3H | B31: C10H18O4 | C31: Peracid from LIMO | D31: 186.28 | E31: Gas | F31: InChI=1S/C10H18O4/c1-3-7-11-9(5-1)13-14-10-6-2-4-8-12-10/h9-10H,1-8H2
A32: PINO3H | B32: C10H18O4 | C32: Pinonic peracid | D32: 186.28 | E32: Gas | F32: InChI=1S/C10H18O4/c1-3-7-11-9(5-1)13-14-10-6-2-4-8-12-10/h9-10H,1-8H2
A33: NAP | B33: C10H8 | C33: Naphtalene/IVOC surrogate | D33: 128.18 | E33: =_xlfn.XLOOKUP(A33,Sheet1!A$2:A$800,Sheet1!G$2:G$800, "") -> Gas | F33: InChI=1S/C10H8/c1-2-6-10-8-4-3-7-9(10)5-1/h1-8H
A34: NRO2 | B34: C10H7O2 | C34: Peroxy radical from NAP oxidation | D34: 159.17 | E34: =_xlfn.XLOOKUP(A34,Sheet1!A$2:A$800,Sheet1!G$2:G$800, "") -> Gas | F34: InChI=1S/C10H9O3/c11-10-8-4-2-1-3-7(8)5-6-9(10)13-12/h1-6,9-11H
A35: H2402 | B35: C2Br2F4 | C35: Halon 2402 | D35: 259.82 | E35: =_xlfn.XLOOKUP(A35,Sheet1!A$2:A$800,Sheet1!G$2:G$800, "") -> Gas | F35: InChI=1S/C2Br2F4/c3-1(5,6)2(4,7)8
A36: CFC114 | B36: C2Cl2F4 | C36: CFC-114 | D36: 170.92 | E36: =_xlfn.XLOOKUP(A36,Sheet1!A$2:A$800,Sheet1!G$2:G$800, "") -> Gas | F36: InChI=1S/C2Cl2F4/c3-1(5,6)2(4,7)8
A37: CFC113 | B37: C2Cl3F3 | C37: CFC-113 | D37: 187.38 | E37: =_xlfn.XLOOKUP(A37,Sheet1!A$2:A$800,Sheet1!G$2:G$800, "") -> Gas | F37: InChI=1S/C2Cl3F3/c3-1(4,6)2(5,7)8
A38: CFC115 | B38: C2ClF5 | C38: CFC-115 | D38: 154.47 | E38: =_xlfn.XLOOKUP(A38,Sheet1!A$2:A$800,Sheet1!G$2:G$800, "") -> Gas | F38: InChI=1S/C2ClF5/c3-1(4,5)2(6,7)8
A39: C2H2 | B39: C2H2 | C39: Acetylene (aka Ethyne) | D39: 26.05 | E39: =_xlfn.XLOOKUP(A39,Sheet1!A$2:A$800,Sheet1!G$2:G$800, "") -> Gas | F39: InChI=1S/C2H2/c1-2/h1-2H
A40: GLYX | B40: CHOCHO | C40: Glyoxal | D40: 58.04 | E40: =_xlfn.XLOOKUP(A40,Sheet1!A$2:A$800,Sheet1!G$2:G$800, "") -> Gas | F40: InChI=1S/C2H2O2/c3-1-2-4/h1-2H
A41: SOAGX | B41: C2H2O2 | C41: Aerosol-phase glyoxal | D41: 58.04 | E41: =_xlfn.XLOOKUP(A41,Sheet1!A$2:A$800,Sheet1!G$2:G$800, "") -> Aerosol | F41: InChI=1S/C2H2O2/c3-1-2-4/h1-2H;InChI=1S/C3H4O2/c1-3(5)2-4/h2H,1H3;InChI=1S/C3H4O3/c1-2(4)3(5)6/h1H3,(H,5,6)
A42: HCFC141b | B42: C(CH3)Cl2F | C42: HCFC-141b, Freon 141b | D42: 116.94 | E42: =_xlfn.XLOOKUP(A42,Sheet1!A$2:A$800,Sheet1!G$2:G$800, "") -> Gas | F42: InChI=1S/C2H3Cl2F/c1-2(3,4)5/h1H3
A43: CH3CCl3 | B43: CH3CCl3 | C43: Methyl chloroform | D43: 133.35 | E43: =_xlfn.XLOOKUP(A43,Sheet1!A$2:A$800,Sheet1!G$2:G$800, "") -> Gas | F43: InChI=1S/C2H3Cl3/c1-2(3,4)5/h1H3
A44: HCFC142b | B44: C(CH3)ClF2 | C44: HCFC-142b, Freon 142b | D44: 100.5 | E44: =_xlfn.XLOOKUP(A44,Sheet1!A$2:A$800,Sheet1!G$2:G$800, "") -> Gas | F44: InChI=1S/C2H3ClF2/c1-2(3,4)5/h1H3
... A53: MAP | B53: CH3C(O)OOH | C53: Peroxyacetic acid | D53: 76.06 | E53: =_xlfn.XLOOKUP(A53,Sheet1!A$2:A$800,Sheet1!G$2:G$800, "") -> Gas | F53: InChI=1S/C2H4O3/c1-2(3)5-4/h4H,1H3
A54: HACTA | B54: HOCH2CO2H | C54: Hydroxyacetic/glycolic acid | D54: 76.0514 | E54: Gas | F54: InChI=1S/C2H4O3/c3-1-2(4)5/h3H,1H2,(H,4,5)
A55: HPETHNL | B55: HOOCH2CHO | C55: Hydroperoxy ethanal | D55: 76.06 | E55: =_xlfn.XLOOKUP(A55,Sheet1!A$2:A$800,Sheet1!G$2:G$800, "") -> Gas | F55: InChI=1S/C2H4O3/c3-1-2-5-4/h1,4H,2H2
A56: ETNO3 | B56: C2H5ONO2 | C56: Ethyl nitrate | D56: 91.08 | E56: =_xlfn.XLOOKUP(A56,Sheet1!A$2:A$800,Sheet1!G$2:G$800, "") -> Gas | F56: InChI=1S/C2H5NO3/c1-2-6-3(4)5/h2H2,1H3
A57: ETHN | B57: HOCH2CH2ONO2 | C57: hydroxy-nitrooxy-ethane | D57: 107.07 | E57: =_xlfn.XLOOKUP(A57,Sheet1!A$2:A$800,Sheet1!G$2:G$800, "") -> Gas | F57: InChI=1S/C2H5NO4/c4-1-2-7-3(5)6/h4H,1-2H2
A58: ETO | B58: HOCH2CH2O | C58: alkoxy radical from ETOO | D58: 61.06 | E58: =_xlfn.XLOOKUP(A58,Sheet1!A$2:A$800,Sheet1!G$2:G$800, "") -> Gas | F58: InChI=1S/C2H5O/c1-2-3/h2H2,1H3
A59: ETO2 | B59: CH3CH2OO | C59: ETO2 | D59: 61.07 | E59: =_xlfn.XLOOKUP(A59,Sheet1!A$2:A$800,Sheet1!G$2:G$800, "") -> Gas | F59: InChI=1S/C2H5O2/c1-2-4-3/h2H2,1H3
A60: OTHRO2 | B60: CH3CH2OO | C60: Other C2 RO2 not from C2H6 oxidation | D60: 61.07 | E60: =_xlfn.XLOOKUP(A60,Sheet1!A$2:A$800,Sheet1!G$2:G$800, "") -> Gas | F60: InChI=1S/C2H5O2/c1-2-4-3/h2H2,1H3
A61: ETOO | B61: HOCH2CH2OO | C61: peroxy radical from ethene | D61: 77.06 | E61: =_xlfn.XLOOKUP(A61,Sheet1!A$2:A$800,Sheet1!G$2:G$800, "") -> Gas | F61: InChI=1S/C2H5O3/c3-1-2-5-4/h3H,1-2H2
A62: C2H6 | B62: C2H6 | C62: Ethane | D62: 30.08 | E62: =_xlfn.XLOOKUP(A62,Sheet1!A$2:A$800,Sheet1!G$2:G$800, "") -> Gas | F62: InChI=1S/C2H6/c1-2/h1-2H3
A63: EOH | B63: C2H5OH | C63: Ethanol | D63: 46.07 | E63: =_xlfn.XLOOKUP(A63,Sheet1!A$2:A$800,Sheet1!G$2:G$800, "") -> Gas | F63: InChI=1S/C2H6O/c1-2-3/h3H,2H2,1H3
A64: ETP | B64: CH3CH2OOH | C64: Ethylhydroperoxide | D64: 62.08 | E64: =_xlfn.XLOOKUP(A64,Sheet1!A$2:A$800,Sheet1!G$2:G$800, "") -> Gas | F64: InChI=1S/C2H6O2/c1-2-4-3/h3H,2H2,1H3
A65: ETHP | B65: HOCH2CH2OOH | C65: hydroxy-hydroperoxy-ethane | D65: 78.07 | E65: =_xlfn.XLOOKUP(A65,Sheet1!A$2:A$800,Sheet1!G$2:G$800, "") -> Gas | F65: InChI=1S/C2H6O3/c3-1-2-5-4/h3-4H,1-2H2
A66: DMS | B66: (CH3)2S | C66: Dimethyl sulfide | D66: 62.13 | E66: =_xlfn.XLOOKUP(A66,Sheet1!A$2:A$800,Sheet1!G$2:G$800, "") -> Aerosol | F66: InChI=1S/C2H6S/c1-3-2/h1-2H3
... A91: PP | B91: HOCH2CH(OOH)CH3 | C91: Peroxide from PO2 | D91: 92.11 | E91: =_xlfn.XLOOKUP(A91,Sheet1!A$2:A$800,Sheet1!G$2:G$800, "") -> Gas | F91: InChI=1S/C3H8O3/c1-3(2-4)6-5/h3-5H,2H2,1H3
A92: ALK4 | C92: Lumped C4+C5 Alkanes | D92: 58.12 | E92: =_xlfn.XLOOKUP(A92,Sheet1!A$2:A$800,Sheet1!G$2:G$800, "") -> Gas | F92: InChI=1S/C4H10/c1-3-4-2/h3-4H2,1-2H3
A93: R4P | B93: CH3CH2CH2CH2OOH | C93: Peroxide from R4O2 | D93: 90.14 | E93: =_xlfn.XLOOKUP(A93,Sheet1!A$2:A$800,Sheet1!G$2:G$800, "") -> Gas | F93: InChI=1S/C4H10O2/c1-2-3-4-6-5/h5H,2-4H2,1H3;InChI=1S/C4H10O2/c1-3-4(2)6-5/h4-5H,3H2,1-2H3;InChI=1S/C4H10O2/c1-4(2)3-6-5/h4-5H,3H2,1-2H3;InChI=1S/C4H10O2/c1-4(2,3)6-5/h5H,1-3H3
A94: FURA | B94: C4H4O | C94: Furan | D94: 68.07 | E94: Gas | F94: InChI=1S/C4H4O/c1-2-4-5-3-1/h1-4H
A95: AROMP4 | B95: C4H4O2 | C95: Generic C4 product of aromatics | D95: 68.08 | E95: =_xlfn.XLOOKUP(A95,Sheet1!A$2:A$800,Sheet1!G$2:G$800, "") -> Gas | F95: InChI=1S/C4H4O2/c1-2-4(6)3-5/h2-3H,1H2;InChI=1S/C4H4O2/c5-3-1-2-4-6/h1-4H
A96: BUTDI | B96: C4H4O2 | C96: Butenedial | D96: 84.07 | E96: Gas | F96: InChI=1S/C4H4O2/c5-3-1-2-4-6/h1-4H/b2-1+
A97: MPAN | B97: CH2=C(CH3)C(O)OONO2 | C97: Peroxymethacroyl nitrate (PMN) | D97: 147.1 | E97: =_xlfn.XLOOKUP(A97,Sheet1!A$2:A$800,Sheet1!G$2:G$800, "") -> Gas | F97: InChI=1S/C4H5NO5/c1-3(2)4(6)9-10-5(7)8/h1H2,2H3;InChI=1S/C4H6N2O9/c1-4(2-7,14-5(9)10)3(8)13-15-6(11)12/h7H,2H2,1H3
A98: IONITA | C98: Aer-phase organic nitrate from isoprene precursors | D98: 14.01 | E98: =_xlfn.XLOOKUP(A98,Sheet1!A$2:A$800,Sheet1!G$2:G$800, "") -> Aerosol | F98: InChI=1S/C4H5NO5/c1-3(6)4(7)2-10-5(8)9/h2H2,1H3;InChI=1S/C4H7NO5/c1-3(6)4(7)2-10-5(8)9/h4,7H,2H2,1H3;InChI=1S/C4H7NO5/c1-3(7)4(2-6)10-5(8)9/h4,6H,2H2,1H3;InChI=1S/C4H7NO5/c1-4(2-6,3-7)10-5(8)9/h2,7H,3H2,1H3;InChI=1S/C4H7NO5/c1-4(7,2-6)3-10-5(8)9/h2,7H,3H2,1H3;InChI=1S/C4H7NO6/c1-3(6)4(11-9)2-10-5(7)8/h4,9H,2H2,1H3;InChI=1S/C4H7NO6/c1-4(2-6,11-9)3-10-5(7)8/h2,9H,3H2,1H3;InChI=1S/C4H7NO6/c1-4(2-6,3(7)8)11-5(9)10/h6H,2H2,1H3,(H,7,8);InChI=1S/C4H7NO7/c1-4(2-6,3(7)11-10)12-5(8)9/h6,10H,2H2,1H3;InChI=1S/C5H10N2O8/c1-5(4(9)2-8,15-7(12)13)3-14-6(10)11/h4,8-9H,2-3H2,1H3;InChI=1S/C5H10N2O9/c1-5(8,3-15-13)4(16-7(11)12)2-14-6(9)10/h4,8,13H,2-3H2,1H3;InChI=1S/C5H11NO7/c1-5(13-11,4(8)2-7)3-12-6(9)10/h4,7-8,11H,2-3H2,1H3;InChI=1S/C5H11NO8/c1-5(7,3-12-6(8)9)4(14-11)2-13-10/h4,7,10-11H,2-3H2,1H3;InChI=1S/C5H7NO5/c1-5(3-10-5)4(7)2-11-6(8)9/h2-3H2,1H3;InChI=1S/C5H8N2O6/c1-3-5(2,13-7(10)11)4-12-6(8)9/h3H,1,4H2,2H3;InChI=1S/C5H8N2O8/c1-5(9,3-14-6(10)11)4(2-8)15-7(12)13/h2,4,9H,3H2,1H3;InChI=1S/C5H9NO4/c1-3-5(2,4-7)10-6(8)9/h3,7H,1,4H2,2H3;InChI=1S/C5H9NO4/c1-3-5(2,7)4-10-6(8)9/h3,7H,1,4H2,2H3;InChI=1S/C5H9NO4/c1-4(2)5(3-7)10-6(8)9/h5,7H,1,3H2,2H3;InChI=1S/C5H9NO4/c1-5(2-3-7)4-10-6(8)9/h2,7H,3-4H2,1H3/b5-2+;InChI=1S/C5H9NO4/c1-5(4-7)2-3-10-6(8)9/h2,7H,3-4H2,1H3/b5-2+;InChI=1S/C5H9NO5/c1-3-5(2,11-9)4-10-6(7)8/h3,9H,1,4H2,2H3;InChI=1S/C5H9NO5/c1-5(2-3-11-9)4-10-6(7)8/h2,9H,3-4H2,1H3/b5-2+;InChI=1S/C5H9NO5/c1-5(3-7)4(11-5)2-10-6(8)9/h4,7H,2-3H2,1H3;InChI=1S/C5H9NO6/c1-5(3-8,4(9)2-7)12-6(10)11/h7-8H,2-3H2,1H3;InChI=1S/C5H9NO7/c1-5(13-10,2-11-6(8)9)3-4(7)12-3/h3-4,7,10H,2H2,1H3;InChI=1S/C5H9NO7/c1-5(8,3-12-6(9)10)4(2-7)13-11/h2,4,8,11H,3H2,1H3
A99: MVKN | B99: HOCH2CH(ONO2)C(=O)CH3 | C99: Nitrate from MVK | D99: 149.12 | E99: =_xlfn.XLOOKUP(A99,Sheet1!A$2:A$800,Sheet1!G$2:G$800, "") -> Gas | F99: InChI=1S/C4H5NO5/c1-3(6)4(7)2-10-5(8)9/h2H2,1H3;InChI=1S/C4H7NO5/c1-3(6)4(7)2-10-5(8)9/h4,7H,2H2,1H3;InChI=1S/C4H7NO5/c1-3(7)4(2-6)10-5(8)9/h4,6H,2H2,1H3;InChI=1S/C4H7NO6/c1-3(6)4(11-9)2-10-5(7)8/h4,9H,2H2,1H3;InChI=1S/C5H8NO7/c1-5(3-7,13-11)4(8)2-12-6(9)10/h3-4,8H,2H2,1H3
A100: MACR1OO | B100: CH2=C(CH3)C(O)OO | C100: Peroxyacyl radical from MACR + OH | D100: 101.09 | E100: =_xlfn.XLOOKUP(A100,Sheet1!A$2:A$800,Sheet1!G$2:G$800, "") -> Gas | F100: InChI=1S/C4H5O3/c1-3(2)4(5)7-6/h1H2,2H3
A101: C4H6 | B101: C4H6 | C101: 1,3-butadiene | D101: 54.09 | E101: Gas | F101: InChI=1S/C4H6/c1-3-4-2/h3-4H,1-2H2
A102: MACRNO2 | B102: C4H6NO7 | C102: Product of MCRHN + OH | D102: 180.1 | E102: =_xlfn.XLOOKUP(A102,Sheet1!A$2:A$800,Sheet1!G$2:G$800, "") -> Gas | F102: InChI=1S/C4H6NO7/c1-4(2-6,3(7)11-10)12-5(8)9/h6H,2H2,1H3
A103: MVK | B103: CH2=CHC(=O)CH3 | C103: Methyl vinyl ketone | D103: 70.09 | E103: =_xlfn.XLOOKUP(A103,Sheet1!A$2:A$800,Sheet1!G$2:G$800, "") -> Gas | F103: InChI=1S/C4H6O/c1-3-4(2)5/h3H,1H2,2H3
A104: MACR | B104: CH2=C(CH3)CHO | C104: Methacrolein | D104: 70.1 | E104: =_xlfn.XLOOKUP(A104,Sheet1!A$2:A$800,Sheet1!G$2:G$800, "") -> Gas | F104: InChI=1S/C4H6O/c1-4(2)3-5/h3H,1H2,2H3
A105: MACR1OOH | B105: CH2=C(CH3)C(O)OOH | C105: Peracid from MACR | D105: 102.1 | E105: =_xlfn.XLOOKUP(A105,Sheet1!A$2:A$800,Sheet1!G$2:G$800, "") -> Gas | F105: InChI=1S/C4H6O2/c1-3(2)4(5)6/h1H2,2H3,(H,5,6);InChI=1S/C4H6O3/c1-3(2)4(5)7-6/h6H,1H2,2H3
A106: MCRENOL | B106: C4H6O2 | C106: Lumped enols from MVK/MACR | D106: 86.1 | E106: =_xlfn.XLOOKUP(A106,Sheet1!A$2:A$800,Sheet1!G$2:G$800, "") -> Gas | F106: InChI=1S/C4H6O2/c1-4(2-5)3-6/h2-3,5H,1H3;InChI=1S/C4H6O2/c1-4(2-5)3-6/h2-3,5H,1H3/b4-2+;InChI=1S/C4H6O2/c1-4(6)2-3-5/h2-3,5H,1H3
A107: SOAIE | B107: C5H10O3 | C107: Aerosol-phase IEPOX | D107: 118.15 | E107: =_xlfn.XLOOKUP(A107,Sheet1!A$2:A$800,Sheet1!G$2:G$800, "") -> Aerosol | F107: InChI=1S/C4H6O3/c1-4(2-5)3(6)7-4/h5H,2H2,1H3;InChI=1S/C5H10O3/c1-5(3-7)4(2-6)8-5/h4,6-7H,2-3H2,1H3;InChI=1S/C5H10O3/c1-5(7,3-6)4-2-8-4/h4,6-7H,2-3H2,1H3;InChI=1S/C5H8O3/c1-5(3-8-5)4(7)2-6/h6H,2-3H2,1H3
A108: HMML | B108: C4H6O3 | C108: hydroxymethyl-methyl-a-lactone | D108: 102.1 | E108: =_xlfn.XLOOKUP(A108,Sheet1!A$2:A$800,Sheet1!G$2:G$800, "") -> Gas | F108: InChI=1S/C4H6O3/c5-4(6)3-1-7-2-3/h3H,1-2H2,(H,5,6)
A109: MVKHC | B109: C4H6O3 | C109: MVK hydroxy-carbonyl | D109: 102.1 | E109: =_xlfn.XLOOKUP(A109,Sheet1!A$2:A$800,Sheet1!G$2:G$800, "") -> Gas | F109: InChI=1S/C4H6O3/c5-4(6)3-1-7-2-3/h3H,1-2H2,(H,5,6)
A110: MVKHCB | B110: C4H6O3 | C110: MVK hydroxy-carbonyl | D110: 102.1 | E110: =_xlfn.XLOOKUP(A110,Sheet1!A$2:A$800,Sheet1!G$2:G$800, "") -> Gas | F110: InChI=1S/C4H6O3/c5-4(6)3-1-7-2-3/h3H,1-2H2,(H,5,6)
A111: MVKPC | B111: OCHCH(OOH)C(O)CH3 | C111: MVK hydroperoxy-carbonyl | D111: 118.1 | E111: =_xlfn.XLOOKUP(A111,Sheet1!A$2:A$800,Sheet1!G$2:G$800, "") -> Gas | F111: InChI=1S/C4H6O4/c1-3(6)4(2-5)8-7/h2,4,7H,1H3
A112: MCRHN | B112: HOCH2C(ONO2)(CH3)CHO | C112: Nitrate from MACR | D112: 149.11 | E112: =_xlfn.XLOOKUP(A112,Sheet1!A$2:A$800,Sheet1!G$2:G$800, "") -> Gas | F112: InChI=1S/C4H7NO5/c1-4(2-6,3-7)10-5(8)9/h2,7H,3H2,1H3;InChI=1S/C4H7NO7/c1-4(2-6,3(7)11-10)12-5(8)9/h6,10H,2H2,1H3
A113: MCRHNB | B113: O2NOCH2C(OH)(CH3)CHO | C113: Nitrate from MACR | D113: 149.11 | E113: =_xlfn.XLOOKUP(A113,Sheet1!A$2:A$800,Sheet1!G$2:G$800, "") -> Gas | F113: InChI=1S/C4H7NO5/c1-4(7,2-6)3-10-5(8)9/h2,7H,3H2,1H3;InChI=1S/C4H7NO6/c1-4(2-6,11-9)3-10-5(7)8/h2,9H,3H2,1H3;InChI=1S/C4H7NO6/c1-4(2-6,3(7)8)11-5(9)10/h6H,2H2,1H3,(H,7,8);InChI=1S/C5H8NO7/c1-5(8,3-12-6(9)10)4(2-7)13-11/h2,4,8H,3H2,1H3
... A148: AROMP5 | B148: C5H6O2 | C148: C5 unsaturated dicarbonyl | D148: 98.1 | E148: =_xlfn.XLOOKUP(A148,Sheet1!A$2:A$800,Sheet1!G$2:G$800, "") -> Gas | F148: InChI=1S/C5H6O2/c1-5(4-7)2-3-6/h2-4H,1H3;InChI=1S/C5H6O2/c1-5(7)3-2-4-6/h2-4H,1H3
A149: AROMCHO | B149: C5H6O4 | C149: ACCOMECHO from MCM | D149: 130.1 | E149: Gas | F149: InChI=1S/C5H6O4/c1-4(7)9-5(8)2-3-6/h3H,2H2,1H3
A150: ICN | B150: C5H7NO4 | C150: Lumped isoprene carbonyl-nitrates | D150: 145.13 | E150: =_xlfn.XLOOKUP(A150,Sheet1!A$2:A$800,Sheet1!G$2:G$800, "") -> Gas | F150: InChI=1S/C5H7NO4/c1-4(2)5(7)3-10-6(8)9/h1,3H2,2H3;InChI=1S/C5H7NO4/c1-5(2-3-7)4-10-6(8)9/h2-3H,4H2,1H3;InChI=1S/C5H7NO4/c1-5(2-3-7)4-10-6(8)9/h2-3H,4H2,1H3/b5-2+;InChI=1S/C5H7NO4/c1-5(4-7)2-3-10-6(8)9/h2,4H,3H2,1H3/b5-2+
A151: ITCN | B151: C5H9NO7 | C151: lumped isoprene tetrafunctional carbonylnitrates | D151: 195.15 | E151: =_xlfn.XLOOKUP(A151,Sheet1!A$2:A$800,Sheet1!G$2:G$800, "") -> Gas | F151: InChI=1S/C5H7NO5/c1-5(3-10-5)4(7)2-11-6(8)9/h2-3H2,1H3;InChI=1S/C5H7NO5/c1-5(3-7)4(11-5)2-10-6(8)9/h3-4H,2H2,1H3;InChI=1S/C5H9NO6/c1-5(3-8,4(9)2-7)12-6(10)11/h3-4,7,9H,2H2,1H3;InChI=1S/C5H9NO6/c1-5(3-8,4(9)2-7)12-6(10)11/h7-8H,2-3H2,1H3;InChI=1S/C5H9NO6/c1-5(9,3-8)4(2-7)12-6(10)11/h2,4,8-9H,3H2,1H3;InChI=1S/C5H9NO7/c1-5(13-11,4(8)2-7)3-12-6(9)10/h2,4,8,11H,3H2,1H3;InChI=1S/C5H9NO7/c1-5(3-7,13-11)4(8)2-12-6(9)10/h3-4,8,11H,2H2,1H3;InChI=1S/C5H9NO7/c1-5(3-7,13-11)4(8)2-12-6(9)10/h7,11H,2-3H2,1H3;InChI=1S/C5H9NO7/c1-5(3-7,13-6(9)10)4(8)2-12-11/h3-4,8,11H,2H2,1H3;InChI=1S/C5H9NO7/c1-5(3-8,13-11)4(2-7)12-6(9)10/h2,4,8,11H,3H2,1H3;InChI=1S/C5H9NO7/c1-5(3-8,13-11)4(2-7)12-6(9)10/h3-4,7,11H,2H2,1H3;InChI=1S/C5H9NO7/c1-5(3-8,13-6(9)10)4(2-7)12-11/h2,4,8,11H,3H2,1H3;InChI=1S/C5H9NO7/c1-5(3-8,13-6(9)10)4(2-7)12-11/h3-4,7,11H,2H2,1H3;InChI=1S/C5H9NO7/c1-5(8,3-12-11)4(2-7)13-6(9)10/h2,4,8,11H,3H2,1H3;InChI=1S/C5H9NO7/c1-5(8,3-12-6(9)10)4(2-7)13-11/h2,4,8,11H,3H2,1H3;InChI=1S/C5H9NO7/c1-5(8,3-12-6(9)10)4(7)2-13-11/h8,11H,2-3H2,1H3;InChI=1S/C5H9NO7/c1-5(8,3-7)4(13-11)2-12-6(9)10/h3-4,8,11H,2H2,1H3
A152: HPALD2OO | B152: C5H7O5 | C152: HPALD2OO | D152: 147.12 | E152: =_xlfn.XLOOKUP(A152,Sheet1!A$2:A$800,Sheet1!G$2:G$800, "") -> Gas | F152: InChI=1S/C5H7O5/c1-3(2)4(9-7)5(6)10-8/h4,8H,1H2,2H3
A153: HPALD1OO | B153: C5H7O5 | C153: HPALD1OO | D153: 147.12 | E153: =_xlfn.XLOOKUP(A153,Sheet1!A$2:A$800,Sheet1!G$2:G$800, "") -> Gas | F153: InChI=1S/C5H7O5/c1-3-5(2,10-8)4(6)9-7/h3,7H,1H2,2H3
A154: ISOP | B154: CH2=C(CH3)CH=CH2 | C154: Isoprene | D154: 68.13 | E154: =_xlfn.XLOOKUP(A154,Sheet1!A$2:A$800,Sheet1!G$2:G$800, "") -> Gas | F154: InChI=1S/C5H8/c1-4-5(2)3/h4H,1-2H2,3H3
A155: INA | B155: C5H8NO4 | C155: Alkoxy radical from INO2D | D155: 146.14 | E155: =_xlfn.XLOOKUP(A155,Sheet1!A$2:A$800,Sheet1!G$2:G$800, "") -> Gas | F155: InChI=1S/C5H8NO4/c1-5(2-3-7)4-10-6(8)9/h2H,3-4H2,1H3;InChI=1S/C5H8NO4/c1-5(2-3-7)4-10-6(8)9/h2H,3-4H2,1H3/b5-2+
A156: INO2B | B156: C5H8NO5 | C156: beta-peroxy radicals from isoprene + NO3 | D156: 162.14 | E156: =_xlfn.XLOOKUP(A156,Sheet1!A$2:A$800,Sheet1!G$2:G$800, "") -> Gas | F156: InChI=1S/C5H8NO5/c1-3-5(2,11-9)4-10-6(7)8/h3H,1,4H2,2H3;InChI=1S/C5H8NO5/c1-4(2)5(11-9)3-10-6(7)8/h5H,1,3H2,2H3
A157: INO2D | B157: C5H8NO5 | C157: delta-peroxy radicals from isoprene + NO3 | D157: 162.14 | E157: =_xlfn.XLOOKUP(A157,Sheet1!A$2:A$800,Sheet1!G$2:G$800, "") -> Gas | F157: InChI=1S/C5H8NO5/c1-5(2-3-11-9)4-10-6(7)8/h2H,3-4H2,1H3;InChI=1S/C5H8NO5/c1-5(2-3-11-9)4-10-6(7)8/h2H,3-4H2,1H3/b5-2+;InChI=1S/C5H8NO5/c1-5(4-11-9)2-3-10-6(7)8/h2H,3-4H2,1H3/b5-2+
A158: HC5A | B158: C5H8O2 | C158: isoprene-4,1-hydroxyaldehyde | D158: 100.13 | E158: =_xlfn.XLOOKUP(A158,Sheet1!A$2:A$800,Sheet1!G$2:G$800, "") -> Gas | F158: InChI=1S/C5H8O2/c1-5(4-7)2-3-6/h2,4,6H,3H2,1H3;InChI=1S/C5H8O2/c1-5(4-7)2-3-6/h2,4,6H,3H2,1H3/b5-2-;InChI=1S/C5H8O2/c1-5(4-7)2-3-6/h2-3,7H,4H2,1H3;InChI=1S/C5H8O2/c1-5(4-7)2-3-6/h2-3,7H,4H2,1H3/b5-2-
A159: HPALD3 | B159: C5H8O3 | C159: b-2,1-C5-hydroperoxyaldehyde | D159: 116.13 | E159: =_xlfn.XLOOKUP(A159,Sheet1!A$2:A$800,Sheet1!G$2:G$800, "") -> Gas | F159: InChI=1S/C5H8O3/c1-3-5(2,4-6)8-7/h3-4,7H,1H2,2H3
A160: HPALD4 | B160: C5H8O3 | C160: b-3,4-C5-hydroperoxyaldehyde | D160: 116.13 | E160: =_xlfn.XLOOKUP(A160,Sheet1!A$2:A$800,Sheet1!G$2:G$800, "") -> Gas | F160: InChI=1S/C5H8O3/c1-4(2)5(3-6)8-7/h3,5,7H,1H2,2H3
A161: HPALD2 | B161: C5H8O3 | C161: d-1,4-C5-hydroperoxyaldehyde | D161: 116.13 | E161: =_xlfn.XLOOKUP(A161,Sheet1!A$2:A$800,Sheet1!G$2:G$800, "") -> Gas | F161: InChI=1S/C5H8O3/c1-5(2-3-6)4-8-7/h2-3,7H,4H2,1H3/b5-2-
... A191: CSL | B191: C7H8O | C191: Cresols | D191: 108.14 | E191: =_xlfn.XLOOKUP(A191,Sheet1!A$2:A$800,Sheet1!G$2:G$800, "") -> Gas | F191: InChI=1S/C7H8O/c1-6-4-2-3-5-7(6)8/h2-5,8H,1H3
A192: EBZ | B192: C8H10 | C192: Ethylbenzene | D192: 106.167 | E192: Gas | F192: InChI=1S/C8H10/c1-2-8-6-4-3-5-7-8/h3-7H,2H2,1H3
A193: XYLE | B193: C8H10 | C193: Xylene | D193: 106.18 | E193: =_xlfn.XLOOKUP(A193,Sheet1!A$2:A$800,Sheet1!G$2:G$800, "") -> Gas | F193: InChI=1S/C8H10/c1-7-3-5-8(2)6-4-7/h3-6H,1-2H3;InChI=1S/C8H10/c1-7-4-3-5-8(2)6-7/h3-6H,1-2H3;InChI=1S/C8H10/c1-7-5-3-4-6-8(7)2/h3-6H,1-2H3
A194: STYR | B194: C8H8 | C194: Styrene | D194: 104.1491 | E194: Gas | F194: InChI=1S/C8H8/c1-2-8-6-4-3-5-7-8/h2-7H,1H2
A195: C96N | B195: C9H15NO4 | C195: Saturated 2nd gen monoterpene organic nitrate | D195: 215.28 | E195: Gas | F195: InChI=1S/C9H15NO4/c1-9(2,3)14-8(13)10-5-4-6(10)7(11)12/h6H,4-5H2,1-3H3,(H,11,12)/t6-/m0/s1 InChI=1S/C9H15NO4/c1-9(2,3)14-8(13)10-5-4-6(10)7(11)12/h6H,4-5H2,1-3H3,(H,11,12) InChI=1S/C9H15NO4/c1-9(2,3)14-8(13)10-5-4-6(10)7(11)12/h6H,4-5H2,1-3H3,(H,11,12)/t6-/m1/s1
...
